--TRUNCATE TABLE project.users, project.tariffs, project.users_tariffs, project.courses, project.tariffs_courses, project.topics,
--project.courses_topics, project.homeworks, project.webinars, project.tasks, project.homeworks_tasks
--RESTART IDENTITY;


INSERT INTO project.users (user_id, first_name, last_name, surname, gender_is_male, joindate, grade, vk_account)
VALUES
(1, 'Renat', 'Khatymov', 'Rustemovich', TRUE, '2019-08-28', 10, 'vk.com/renat_marinad'),
(2, 'Alina', 'Petrova', 'Ivanovna', FALSE, '2020-05-12', 9, 'vk.com/alina_pet'),
(3, 'Ivan', 'Sidorov', 'Mikhailovich', TRUE, '2018-09-22', 11, 'vk.com/ivan_sid'),
(4, 'Mariya', 'Kuznetsova', 'Alexandrovna', FALSE, '2019-03-05', 10, 'vk.com/mari_kuz'),
(5, 'Dmitry', 'Ivanov', 'Sergeevich', TRUE, '2021-01-18', 8, 'vk.com/dima_ivan'),
(6, 'Anastasiya', 'Sokolova', 'Petrovna', FALSE, '2017-11-30', 11, 'vk.com/anas_sok'),
(7, 'Alexey', 'Smirnov', 'Viktorovich', TRUE, '2020-07-07', 10, 'vk.com/alex_smir'),
(8, 'Ekaterina', 'Popova', 'Evgenievna', FALSE, '2019-02-14', 11, 'vk.com/katya_pop'),
(9, 'Andrey', 'Kozlov', 'Alexandrovich', TRUE, '2018-06-21', 9, 'vk.com/andrey_koz'),
(10, 'Olga', 'Novikova', 'Dmitrievna', FALSE, '2020-10-03', 10, 'vk.com/olga_nov'),
(11, 'Emma', 'Johnson', 'Elizabeth', FALSE, '2021-03-15', 10, 'vk.com/emma_johnson'),
(12, 'Michael', 'Williams', 'Robert', TRUE, '2019-09-02', 11, 'vk.com/michael_williams'),
(13, 'Sophia', 'Brown', 'Grace', FALSE, '2020-11-27', 11, 'vk.com/sophia_brown'),
(14, 'William', 'Jones', 'David', TRUE, '2018-04-10', 10, 'vk.com/william_jones'),
(15, 'Olivia', 'Miller', NULL, FALSE, '2022-01-05', 8, 'vk.com/olivia_miller');


INSERT INTO project.tariffs (tariff_id, title, description, cost, duration, comment)
VALUES 
(1, 'Курс подготовки к ЕГЭ-2024 по математике',
'Подготовка к ЕГЭ по математике за МЕСЯЦ. Курс «Год за месяц» (ГЗМ) это все вебинары, проверки, домашние задания и пробники с сентября. Обучение под руководством Максима Олеговича. Присоединяйся уже сегодня!',
7000, '1MONTH','Курс говна, сгоняйте сюда самых тупых'),
(2, 'Курс подготовки к ЕГЭ-2024 по математике ДО НОВОГО ГОДА', NULL, 25000, '5MONTH', NULL),
(3, 'Бандл мат+инф БУ 2023-2024', 'сами пишите своё ёбаное описание', 10000, '1MONTH', 'Два курса сразу надо дать'),
(4, 'Курс подготовки к ЕГЭ-2024 по русскому языку', 'Интенсивная подготовка к ЕГЭ по русскому языку. Включает разбор сложных тем, тренировочные задания и пробные экзамены.', 6500, '1MONTH', NULL),
(5, 'Курс подготовки к ЕГЭ-2024 по русскому языку на ВЕСЬ ГОД', 'Интенсивная подготовка к ЕГЭ по русскому языку. Включает разбор сложных тем, тренировочные задания и пробные экзамены.', 50000, '1YEAR', NULL),
(6, 'Курс подготовки к ЕГЭ-2024 по биологии', 'Комплексная подготовка к ЕГЭ по биологии. Теоретические и практические занятия, разбор сложных тем и заданий.', 6800, '1MONTH', NULL),
(7, 'Курс подготовки к ЕГЭ-2024 по биологии НА ВЕСЬ ГОД', 'Комплексная подготовка к ЕГЭ по биологии. Теоретические и практические занятия, разбор сложных тем и заданий.', 60000, '1YEAR', NULL),
(8, 'Курс подготовки к ЕГЭ-2024 по истории', 'Интенсивный курс для подготовки к ЕГЭ по истории. Включает изучение ключевых исторических событий и персоналий, работу с источниками.', 6000, '1MONTH', NULL),
(9, 'Курс подготовки к ЕГЭ-2024 по обществознанию', 'Всестороннее изучение обществознания для успешной сдачи ЕГЭ. Разбор теоретических тем, решение практических заданий.', 6500, '1MONTH', NULL),
(10, 'Курс подготовки к ЕГЭ-2024 по литературе', 'Углубленное изучение литературных произведений, включенных в программу ЕГЭ. Анализ текстов, разбор сложных тем и заданий.', 6200, '1MONTH', NULL),
(11, 'Курс подготовки к ЕГЭ-2024 по информатике', 'Интенсивный курс для подготовки к ЕГЭ по информатике. Включает изучение теории, практические задания и решение задач.', 7500, '1MONTH', NULL),
(12, 'Курс подготовки к ЕГЭ-2024 по английскому языку', 'Комплексная подготовка к ЕГЭ по английскому языку. Развитие всех языковых навыков, работа с экзаменационными материалами.', 7000, '1MONTH', NULL),
(13, 'Курс подготовки к ОГЭ-2024 по математике', 'Подготовка к ОГЭ по математике за МЕСЯЦ. Курс «Год за месяц» (ГЗМ) включает вебинары, проверки, домашние задания и пробники.', 5500, '1MONTH', NULL),
(14, 'Курс подготовки к ОГЭ-2024 по русскому языку', 'Интенсивная подготовка к ОГЭ по русскому языку. Разбор сложных тем, тренировочные задания и пробные экзамены.', 5000, '1MONTH', NULL),
(15, 'Перечень 24/25', 'Вебинары для подготовки к олимпиадам для поступления', 13000, '1MONTH', NULL),
(16, 'Перечень 23/24 ГОДОВОЙ КУРС', 'Вебинары для подготовки к олимпиадам для поступления', 130000, '1YEAR', NULL),
(17, 'Курс подготовки к ОГЭ-2024 по обществознанию', 'Всестороннее изучение обществознания для успешной сдачи ОГЭ. Разбор теоретических тем, решение практических заданий.', 5200, '1MONTH', NULL),
(18, 'Курс подготовки к ОГЭ-2024 по биологии', 'Комплексная подготовка к ОГЭ по биологии. Теоретические и практические занятия, разбор сложных тем и заданий.', 5400, '1MONTH', NULL),
(19, 'Подготовка ко ВсОШ 8-9 23/24' , 'Тургор, курч, всош, всесиб', 8000, '1MONTH', NULL),
(20, 'Подготовка ко ВсОШ 10-11 23/24', 'Тургор, курч, всош, всесиб', 7999, '1MONTH', NULL),
(21, 'Мессиво', 'Подготовка к математике, биологии, английскому, русскому, клингонскому', 1000, '1YEAR', NULL),
(22, 'Курс наКОВАЛЬня 2023-2024', 'Подготовка к мат+рус', 3000, '1YEAR', NULL),
(23, 'Путь самурая', 'Отряд Камикадзе', 100000, '1CENTURY', 'Готовим людей к поступлению на ФТ');


-- Заполним условно один учебный год
INSERT INTO project.users_tariffs (user_id, tariff_id, date_start, date_expiration, real_cost) 
VALUES 
(1, 20, '2022-08-15', '2022-08-15', 0),
(1, 20, '2022-09-30', '2022-09-30', 0),
(1, 11, '2022-10-29', '2022-10-29', 0),
(1, 11, '2022-11-29', '2022-11-29', 0),
(1, 11, '2022-12-29', '2022-12-29', 0),
(1, 11, '2023-01-27', '2023-01-27', 0),
(1, 11, '2023-02-26', '2023-02-26', 0),
(1, 11, '2023-04-30', '2023-04-30', 0),
(1, 11, '2023-05-29', '2023-05-29', 0),
(13, 11, '2022-09-15', '2022-09-15', 0),
(13, 11, '2022-10-15', '2022-10-15', 0),
(13, 11, '2022-11-15', '2022-11-15', 0),
(13, 11, '2022-12-15', '2022-12-15', 0),
(13, 11, '2023-01-15', '2023-01-15', 0),
(13, 11, '2023-02-15', '2023-02-15', 0),
(13, 11, '2023-03-15', '2023-03-15', 0),
(13, 11, '2023-04-15', '2023-04-15', 0),
(13, 11, '2023-05-15', '2023-05-15', 0),
(2, 19, '2022-08-20', '2022-08-20', 0),
(3, 1, '2022-09-10', '2022-09-10', 0),
(4, 4, '2022-09-25', '2022-09-25', 0),
(5, 17, '2022-11-03', '2022-11-03', 0),
(6, 6, '2023-10-12', '2023-10-12', 0),
(7, 7, '2023-10-08', '2023-10-08', 0),
(8, 8, '2023-09-17', '2023-09-17', 0),
(9, 18, '2023-07-22', '2023-07-22', 0),
(10, 12, '2023-09-19', '2023-09-19', 0),
(11, 11, '2022-04-30', '2022-04-30', 0),
(12, 12, '2022-08-05', '2022-08-05', 0),
(13, 3, '2022-08-14', '2022-08-14', 0),
(14, 4, '2022-10-28', '2022-10-28', 0),
(15, 13, '2022-12-18', '2022-12-18', 0),
(1, 16, '2023-02-22', '2023-02-22', 0),
(2, 17, '2023-04-02', '2023-04-02', 0),
(3, 8, '2023-06-09', '2023-06-09', 0),
(4, 22, '2023-08-11', '2023-08-11', 0),
(5, 19, '2023-10-12', '2023-10-12', 0),
(1, 13, '2023-02-22', '2023-02-22', 0),
(5, 14, '2023-06-09', '2023-06-09', 0),
(1, 22, '2023-01-15', '2023-01-15', 0),
(2, 19, '2022-08-20', '2022-08-20', 0),
(3, 1, '2022-09-10', '2022-09-10', 0),
(4, 5, '2022-07-25', '2022-07-25', 0),
(5, 13, '2022-09-01', '2022-09-01', 0),
(6, 8, '2022-08-05', '2022-08-05', 0),
(7, 3, '2022-08-30', '2022-08-30', 0),
(8, 11, '2022-09-05', '2022-09-05', 0),
(9, 19, '2022-07-15', '2022-07-15', 0),
(10, 9, '2022-08-10', '2022-08-10', 0),
(11, 20, '2023-01-02', '2023-01-02', 0),
(12, 2, '2023-05-20', '2023-05-20', 0),
(13, 21, '2023-04-10', '2023-04-10', 0),
(14, 22, '2023-03-15', '2023-03-15', 0),
(15, 18, '2023-06-08', '2023-06-08', 0),
(7, 10, '2023-02-15', '2023-02-15', 0),
(4, 5, '2023-01-20', '2023-01-20', 0),
(12, 8, '2022-11-10', '2022-11-10', 0),
(2, 14, '2023-05-25', '2023-05-25', 0),
(8, 18, '2023-03-12', '2023-03-12', 0),
(6, 7, '2022-12-30', '2022-12-30', 0),
(11, 7, '2023-06-01', '2023-06-01', 0),
(3, 9, '2022-09-15', '2022-09-15', 0),
(5, 14, '2023-03-01', '2023-03-01', 0),
(15, 13, '2023-05-10', '2023-05-10', 0),
(1, 22, '2023-04-20', '2023-04-20', 0),
(14, 12, '2023-01-05', '2023-01-05', 0),
(10, 6, '2022-10-25', '2022-10-25', 0),
(13, 2, '2023-02-10', '2023-02-10', 0),
(7, 12, '2022-10-15', '2022-10-15', 0),
(3, 5, '2023-03-20', '2023-03-20', 0),
(12, 8, '2023-01-05', '2023-01-05', 0),
(9, 14, '2022-12-10', '2022-12-10', 0),
(5, 13, '2023-02-28', '2023-02-28', 0),
(14, 16, '2022-11-17', '2022-11-17', 0),
(2, 17, '2023-05-05', '2023-05-05', 0),
(10, 2, '2022-09-25', '2022-09-25', 0),
(6, 19, '2023-04-12', '2023-04-12', 0);

-- Расставим даты окончания действия тарифы в соотвествии с тарифами.Так же поставим real_cost = cost, хотя могла бы быть и какая-то скидка
UPDATE project.users_tariffs
SET date_expiration = date_start + (
    SELECT duration
    FROM project.tariffs
    WHERE project.tariffs.tariff_id = project.users_tariffs.tariff_id
),
real_cost = (
    SELECT cost
    FROM project.tariffs
    WHERE project.tariffs.tariff_id = project.users_tariffs.tariff_id
);

 
INSERT INTO project.courses (course_id, title, description, date_start, date_expiration)
VALUES
(DEFAULT, 'ЕГЭ Русский', NULL, '2022-09-01', '2023-06-03'),
(DEFAULT, 'ЕГЭ математика', NULL, '2022-09-01', '2023-05-28'),
(DEFAULT, 'Клингонский', 'Смотрим звёздный путь каждый день', '2022-09-01', '2023-05-31'),
(DEFAULT, 'Всош 8-9 хард', 'Курс подготовки ко Всош', '2022-09-01', '2023-06-02'),
(DEFAULT, 'ЕГЭ Биология', 'Курс подготовки к ЕГЭ по биологии', '2022-09-01', '2023-05-30'),
(DEFAULT, 'ЕГЭ История', 'Курс подготовки к ЕГЭ по истории', '2022-09-01', '2023-05-29'),
(DEFAULT, 'ЕГЭ Обществознание', 'Курс подготовки к ЕГЭ по обществознанию', '2022-09-01', '2023-06-02'),
(DEFAULT, 'ЕГЭ Литература', 'Курс подготовки к ЕГЭ по литературе', '2022-09-01', '2023-06-04'),
(DEFAULT, 'ЕГЭ Английский язык', 'Курс подготовки к ЕГЭ по английскому языку', '2022-09-01', '2023-05-27'),
(DEFAULT, 'Всош 10-11 хард', 'Курс подготовки ко Всош', '2022-09-01', '2023-06-02'),
(DEFAULT, 'Всош 8-9 норм', 'Курс подготовки ко Всош', '2022-09-01', '2023-06-02'),
(DEFAULT, 'Перечень 22/23', 'Курс подготовки к перечневым олимпадам', '2022-09-01', '2023-06-02'),
(DEFAULT, 'ОГЭ Русский', 'Курс подготовки к ОГЭ по русскому языку', '2022-09-01', '2023-05-28'),
(DEFAULT, 'ОГЭ Математика', 'Курс подготовки к ОГЭ по математике', '2022-09-01', '2023-05-27'),
(DEFAULT, 'ОГЭ Биология', 'Курс подготовки к ОГЭ по биологии', '2022-09-01', '2023-05-31'),
(DEFAULT, 'ОГЭ Обществознание', 'Курс подготовки к ОГЭ по истории', '2022-09-01', '2023-06-01'),
(DEFAULT, 'ОГЭ', 'Курс подготовки к ОГЭ по истории', '2022-09-01', '2023-06-01'),
(DEFAULT, 'ОГЭ по Доте', 'Курс физической подготовки', '2022-09-01', '2023-06-01'),
(DEFAULT, 'Всош 10-11 норм', 'Курс подготовки ко Всош', '2022-09-01', '2023-06-02'),
(DEFAULT, 'Щелчок по математике', 'Курс подготовки к ЕГЭ по математике за 3 недели', '2022-05-17', '2023-06-10'),
(DEFAULT, 'ЕГЭ Информатика', 'Курс подготовки к ЕГЭ по информатике', '2022-09-01', '2023-05-31');


INSERT INTO project.tariffs_courses (tariff_id, course_id, duration_of_access, comment) 
VALUES 
(1, 2, '1DAY', NULL),
(2, 2, '1DAY', NULL),
(2, 1, '1DAY', 'бонус'),
(3, 2,  '1DAY', NULL),
(3, 21, '1DAY', NULL),
(4,1, '1DAY', NULL),
(5,1, '1DAY', NULL),
(5,20, '1DAY', 'бонус'),
(6,5, '1DAY', NULL),
(7,5, '1DAY', NULL),
(7,1, '1DAY', 'бонус'),
(8,6, '1DAY', NULL),
(9,7, '1DAY', NULL),
(10,8,'1DAY', NULL),
(11,21, '1DAY', NULL),
(12,9, '1DAY', NULL),
(13,14,'1DAY', NULL),
(14,13, '1DAY', NULL),
(15,12, '1DAY', NULL),
(16,12, '1DAY', NULL),
(16,19, '1DAY', 'бонус'),
(17,16, '1DAY', NULL),
(18,15, '1DAY', NULL),
(19,4, '1DAY', NULL),
(19,11, '1DAY', NULL),
(20, 10, '1DAY', NULL),
(20,19, '1DAY', NULL),
(21,1, '1DAY', NULL),
(21,2, '1DAY', NULL),
(21,5, '1DAY', NULL),
(21,9, '1DAY', NULL),
(21,3, '1DAY', NULL),
(22,1, '1DAY', NULL),
(22,2, '1DAY', NULL),
(22,20, '1DAY', 'бонус'),
(23,1, '1DAY', NULL),
(23,2, '1DAY', NULL),
(23,3, '1DAY', NULL),
(23,4, '1DAY', NULL),
(23,5, '1DAY', NULL),
(23,6, '1DAY', NULL),
(23,7, '1DAY', NULL),
(23,8, '1DAY', NULL),
(23,9, '1DAY', NULL),
(23,10, '1DAY', NULL),
(23,11, '1DAY', NULL),
(23,12, '1DAY', NULL),
(23,13, '1DAY', NULL),
(23,14, '1DAY', NULL),
(23,15, '1DAY', NULL),
(23,16, '1DAY', NULL),
(23,17, '1DAY', NULL),
(23,18, '1DAY', NULL),
(23,19, '1DAY', NULL),
(23,20, '1DAY', NULL),
(23,21, '1DAY', NULL);

-- проставил всем бонусным курса длительность в один месяц, а обычном, как в тарифе
UPDATE project.tariffs_courses
SET duration_of_access = (
    CASE WHEN comment LIKE '%бонус%' THEN '1MONTH'
        ELSE (
        SELECT duration
        FROM project.tariffs
        WHERE project.tariffs.tariff_id = project.tariffs_courses.tariff_id)
    END);


INSERT INTO project.topics (topic_id, title) 
VALUES
(1, 'Уравнения в целых числах'),
(2, 'Степень точки и радикальные оси'),
(3, '13-й номер на ЕГЭ-2024'),
(4, '16-й номер на ЕГЭ-2024'),
(5, 'Счётная планиметрия'),
(6, 'Теорема Пифагора'),
(7, 'Производство и предпринимательство'),
(8, 'Механика и термодинамика'),
(9, 'Функции и их свойства'),
(10, 'Интегралы и производные'),
(11, 'Матрицы и определители'),
(12, 'Экономические модели'),
(13, 'История России XIX века'),
(14, 'Литература классиков'),
(15, 'Химия неорганических соединений'),
(16, 'Биология клетки и генетика'),
(17, 'Испанский язык: грамматика и лексика'),
(18, 'Физика элементарных частиц'),
(19, 'География мировых регионов'),
(20, 'Английский язык: грамматика B1');


INSERT INTO project.courses_topics (course_id, topic_id, order_number) 
VALUES
(1, 19, 1),
(1, 2, 2),
(1, 3, 3),
(2, 20, 1),
(2, 6, 2),
(2, 4, 3),
(3, 10, 1),
(3, 10, 2),
(3, 10, 3),
(4, 18, 1),
(4, 9, 2),
(4, 2, 3),
(5, 11, 1),
(5, 8, 2),
(5, 14, 3),
(6, 7, 1),
(6, 19, 2),
(6, 4, 3),
(7, 17, 1),
(7, 5, 2),
(7, 6, 3),
(8, 7, 1),
(8, 4, 2),
(8, 2, 3),
(9, 19, 1),
(9, 17, 2),
(9, 4, 3),
(10, 18, 1),
(10, 3, 2),
(10, 3, 3),
(11, 15, 1),
(11, 4, 2),
(11, 3, 3),
(12, 15, 1),
(12, 8, 2),
(12, 12, 3),
(13, 5, 1),
(13, 11, 2),
(13, 14, 3),
(14, 12, 1),
(14, 10, 2),
(14, 10, 3),
(15, 13, 1),
(15, 14, 2),
(15, 11, 3),
(16, 12, 1),
(16, 20, 2),
(16, 20, 3),
(17, 3, 1),
(17, 4, 2),
(18, 18, 1),
(18, 15, 2),
(20, 16, 1),
(20, 12, 2),
(20, 18, 3),
(21, 1, 1),
(21, 12, 2),
(21, 9, 3);


INSERT INTO project.homeworks (homework_id, title, date_start, date_expiration, time_consuming, topic_id)
VALUES
(1, '13-й номер ЕГЭ по математике', '2022-09-23 00:00:00', '2022-09-30 23:59:00', 90, 1),
(2, '1-5 номера ОГЭ по истории', '2022-09-23 00:00:00', '2022-09-30 23:59:00', 30, 5),
(3, 'Решение уравнений в целых числах', '2022-09-24 00:00:00', '2022-09-30 23:59:00', 60, 1),
(4, 'Практические задания по географии мира', '2022-09-25 00:00:00', '2022-10-01 23:59:00', 45, 19),
(5, 'Тест на тему "Теорема Пифагора"', '2022-09-26 00:00:00', '2022-10-02 23:59:00', 40, 6),
(6, 'Испанский язык: грамматика и лексика', '2022-09-27 00:00:00', '2022-10-03 23:59:00', 50, 17),
(7, 'Биология клетки и генетика: тестирование', '2022-09-28 00:00:00', '2022-10-04 23:59:00', 55, 16),
(8, 'Функции и их свойства: практические задания', '2022-09-29 00:00:00', '2022-10-05 23:59:00', 35, 9),
(9, 'Английский язык: чтение и письмо', '2022-09-30 00:00:00', '2022-10-06 23:59:00', 60, 20),
(10, 'Экономические модели и принципы', '2022-10-01 00:00:00', '2022-10-07 23:59:00', 45, 12),
(11, 'Литература классиков: анализ произведений', '2022-10-02 00:00:00', '2022-10-08 23:59:00', 50, 14),
(12, 'Физика элементарных частиц: основные понятия', '2022-10-03 00:00:00', '2022-10-09 23:59:00', 70, 18),
(13, 'Механика и термодинамика: расчеты и задачи', '2022-10-04 00:00:00', '2022-10-10 23:59:00', 75, 8),
(14, 'Интегралы и производные: тестирование знаний', '2022-10-05 00:00:00', '2022-10-11 23:59:00', 40, 10),
(15, 'История России XIX века: ключевые события', '2022-10-06 00:00:00', '2022-10-12 23:59:00', 55, 13),
(16, 'Химия неорганических соединений: структура и свойства', '2022-10-07 00:00:00', '2022-10-13 23:59:00', 65, 15),
(17, 'Матрицы и определители в линейной алгебре', '2022-10-08 00:00:00', '2022-10-14 23:59:00', 45, 11),
(18, 'Счётная планиметрия и геометрические задачи', '2022-10-09 00:00:00', '2022-10-15 23:59:00', 50, 5),
(19, 'Производство и предпринимательство в экономике', '2022-10-10 00:00:00', '2022-10-16 23:59:00', 60, 7),
(20, '16-й номер ЕГЭ по математике для тренировки', '2022-10-11 00:00:00', '2022-10-17 23:59:00', 80, 4);


INSERT INTO project.webinars (webinar_id, title, path_file, date_start, duration, topic_id)
VALUES
(1, 'Уравнения в целых числах-1', 'files/videos/math/ege2024/web1.mp4', '2022-09-23 18:00:00', '2HOURS', 1),
(2, 'Геометрия: основные понятия и задачи', 'files/videos/math/ege2024/web2.mp4', '2022-09-24 17:30:00', '1.5HOURS', 1),
(3, 'История России: периодизация и ключевые события', 'files/videos/history/ege2024/web3.mp4', '2022-09-25 16:00:00', '2HOURS', 5),
(4, 'Подготовка к ЕГЭ по литературе: темы и произведения', 'files/videos/literature/ege2024/web4.mp4', '2022-09-26 15:30:00', '1.5HOURS', 14),
(5, 'Физика: механика и законы сохранения', 'files/videos/physics/ege2024/web5.mp4', '2022-09-27 14:00:00', '2HOURS', 18),
(6, 'Подготовка к ОГЭ по биологии: клеточное устройство и функции', 'files/videos/biology/oge2024/web6.mp4', '2022-09-28 13:30:00', '1.5HOURS', 16),
(7, 'Русский язык: анализ художественного текста', 'files/videos/russian/ege2024/web7.mp4', '2022-09-29 12:00:00', '2HOURS', 3),
(8, 'Химия: химические реакции и свойства веществ', 'files/videos/chemistry/ege2024/web8.mp4', '2022-09-30 11:30:00', '1.5HOURS', 15),
(9, 'Математический анализ: пределы и производные функций', 'files/videos/math/ege2024/web9.mp4', '2022-10-01 10:00:00', '2HOURS', 4),
(10, 'Обществознание: социальные институты и процессы', 'files/videos/social_studies/ege2024/web10.mp4', '2022-10-02 09:30:00', '1.5HOURS', 20),
(11, 'Испанский язык в программе ОГЭ и ЕГЭ: грамматика и лексика', 'files/videos/spanish/ege2024/web11.mp4', '2022-10-03 08:00:00', '2HOURS', 17),
(12, 'Информатика: основы алгоритмизации и программирования', 'files/videos/computer_science/ege2024/web12.mp4', '2022-10-04 07:30:00', '1.5HOURS', 2),
(13, 'Экономика: основные понятия и экономические системы', 'files/videos/economics/ege2024/web13.mp4', '2022-10-05 06:00:00', '2HOURS', 12),
(14, 'Финансовая грамотность для успешной сдачи ОГЭ и ЕГЭ', 'files/videos/financial_literacy/oge_ege/web14.mp4', '2022-10-06 05:30:00', '1.5HOURS', 7),
(15, 'Иностранные языки: аудирование и говорение на экзамене', 'files/videos/foreign_languages/ege2024/web15.mp4', '2022-10-07 04:00:00', '2HOURS', 20),
(16, 'Биология: генетика и эволюция в программе ОГЭ и ЕГЭ', 'files/videos/biology/oge_ege/web16.mp4', '2022-10-08 03:30:00', '1.5HOURS', 16),
(17, 'Геометрия и алгебра: сложные задачи и доказательства теорем', 'files/videos/geometry_algebra/ege2024/web17.mp4', '2022-10-09 02:00:00', '2HOURS', 11),
(18, 'Физическая культура: правила и техника выполнения упражнений', 'files/videos/physical_education/oge_ege/web18.mp4', '2022-10-10 01:30:00', '1.5HOURS', 18),
(19, 'Органическая химия: строение молекул и реакции с углеводородами', 'files/videos/organic_chemistry/oge_ege/web19.mp4', '2022-10-11 00:00:00', '2HOURS', 15),
(20, 'Информационные технологии в школьной программе и на экзамене ОГЭ и ЕГЭ', 'files/videos/information_technology/oge_ege/web20.mp4', '2022-10-12 22:30:00', '1.5HOURS', 2);


INSERT INTO project.tasks (task_id, title, wording, answer, solution, source, time_consuming)
VALUES
(1, 'задача 1', 'Две стороны и высота, проведённая к третьей стороне, одного треугольника, равны двум сторонам и высоте, проведённой к третьей стороне, другого треугольника. Верно ли, что треугольники равны?', 'Нет', NULL, 'ОГЭ-2013', 1),
(2, 'задача 2', 'Найдите площадь треугольника со сторонами 5, 12 и 13.', '30', 'Площадь треугольника можно найти по формуле Герона: S = sqrt(p * (p - a) * (p - b) * (p - c)), где p - полупериметр треугольника, a, b, c - длины сторон.', 'ЕГЭ-2015', 2),
(3, 'задача 3', 'Решите уравнение: 2x + 5 = 17.', 'x = 6', 'Вычитаем 5 из обеих сторон уравнения: 2x = 12. Делим обе стороны на 2: x = 6.', 'ОГЭ-2018', 1),
(4, 'задача 4', 'Найдите сумму первых 10 членов арифметической прогрессии с первым членом 3 и разностью 4.', '145', 'Сумма первых n членов арифметической прогрессии вычисляется по формуле: Sn = n/2 * (2a + (n-1)d), где a - первый член, d - разность.', 'ЕГЭ-2017', 2),
(5, 'задача 5', 'Найдите корни уравнения x^2 - 5x + 6 = 0.', 'x1 = 2, x2 = 3', 'Для нахождения корней квадратного уравнения можно воспользоваться формулой: x = (-b ± sqrt(b^2 - 4ac)) / 2a.', 'ОГЭ-2019', 1),
(6, 'задача 6', 'Сколько существует различных перестановок букв в слове "ШКОЛА"?', '120', 'Количество различных перестановок для слова без повторяющихся букв равно факториалу от числа букв в слове.', 'ЕГЭ-2016', 1),
(7, 'задача 7', 'Найдите значение выражения: sin(π/6) + cos(π/3).', '√3/2', 'Значения синуса и косинуса углов π/6 и π/3 можно найти в таблице значений тригонометрических функций.', 'ОГЭ-2020', 1),
(8, 'задача 8', 'Чему равен логарифм числа 100 по основанию 10?', '2', 'Логарифм числа N по основанию a равен степени a, в которую нужно возвести основание a, чтобы получить число N.', 'ЕГЭ-2018', 1),
(9, 'задача 9', 'Найдите среднее арифметическое чисел 8, 12, 16 и 20.', '14', 'Среднее арифметическое чисел находится как сумма всех чисел, деленная на их количество.', 'ОГЭ-2017', 7),
(10, 'задача 10', 'Угол равенствва оснований равнобедренной трапеции равен 60 градусов. Найдите угол при вершине трапеции.', '120 градусов', NULL, 'ЕГЭ-2020', 1),
(11, 'задача 11', 'Решите систему уравнений:  x + y = 5; x - y = 1 .', 'x = 3, y = 2', 'Систему уравнений можно решить методом сложения или вычитания уравнений.', 'ОГЭ-2016', 1),
(12, 'задача 12', 'Найдите объем цилиндра с радиусом основания 4 см и высотой 10 см.', '160π см³', 'Объем цилиндра вычисляется по формуле: V = πr²h, где r - радиус основания, h - высота цилиндра.', 'ЕГЭ-2019', 1),
(13, 'задача 13', 'Каково произведение корней уравнения x² - x - 6 = 0?', '-6', 'Произведение корней квадратного уравнения равно коэффициенту перед x², деленному на коэффициент при x².', 'ОГЭ-2015', 1),
(14, 'задача 14', 'Найдите значение выражения: log₂8 - log₂2.', '2', 'Логарифм разности равен разности логарифмов одного числа по одному и тому же основанию.', 'ЕГЭ-2021', 1),
(15, 'задача 15', 'Найдите площадь поверхности параллелепипеда со сторонами a = 4 см, b = 6 см и c = 8 см.', '136 см²', 'Площадь поверхности параллелепипеда равна сумме площадей всех его граней.', 'ОГЭ-2021', 1),
(16, 'задача 16', 'Решите уравнение: |x - 3| = 7.', 'x = -4 или x = 10', '|x - a| = b имеет два решения: x = a + b или x = a - b.', 'ЕГЭ-2014', 8),
(17, 'задача 17', 'Найдите сумму первых n членов геометрической прогрессии с первым членом a = 3 и знаменателем q = 2.', '(3 * (q^n - 1)) / (q - 1)', NULL, 'ОГЭ-2020', 1),
(18, 'задача 18', 'Найдите значение выражения: tg(π/4) * ctg(π/3).', '1', NULL, 'ЕГЭ-2018', 1),
(19, 'задача 19', 'Решите уравнение: log₃(x + 4) - log₃(x) = log₃2.', 'x = -2', NULL, 'ОГЭ-2018', 1),
(20, 'задача 20', 'Найдите площадь круга с радиусом r = 5 см.', '25π см²', NULL, 'ЕГЭ-2017', 1),
(21, 'Задача 1', 'Какой год считается началом Великой Отечественной войны?', '1941', NULL, 'ОГЭ-2015', 1),
(22, 'Задача 2', 'Кто был первым президентом России?', 'Борис Ельцин', NULL, 'ЕГЭ-2010', 2),
(23, 'Задача 3', 'Какое событие привело к началу Крымской войны?', 'Столкновение между православными и католиками в Иерусалиме', NULL, 'ОГЭ-2017', 1),
(24, 'Задача 4', 'Кто был лидером СССР в период Холодной войны?', 'Никита Хрущев', NULL, 'ЕГЭ-2012', 2),
(25, 'Задача 5', 'Какое событие привело к началу Первой мировой войны?', 'Убийство архидукаФердинанда Фердинанда в Сараево', NULL, 'ОГЭ-2014', 1),
(26, 'Задача 6', 'Кто был лидером Франции во время Наполеоновских войн?', 'Наполеон Бонапарт', NULL, 'ЕГЭ-2011', 2),
(27, 'Задача 7', 'Какое событие привело к началу Второй мировой войны?', 'Нападение Германии на Польшу', NULL, 'ОГЭ-2016', 1),
(28, 'Задача 8', 'Кто был основателем династии Романовых?', 'Михаил Федорович Романов', NULL, 'ЕГЭ-2013', 2),
(29, 'Задача 9', 'Кто был французским императором в XIX веке?', 'Наполеон Бонапарт', NULL, 'ОГЭ-2018', 1),
(30, 'Задача 10', 'В каком году состоялась Октябрьская революция в России?', '1917', NULL, 'ЕГЭ-2014', 2),
(31, 'Задача 11', 'Кто был основателем династии Тюдоров в Англии?', 'Генрих VII', NULL, 'ОГЭ-2019', 1),
(32, 'Задача 12', 'В каком году произошла Французская революция?', '1789', NULL, 'ЕГЭ-2015', 2),
(33, 'Задача 13', 'Кто был лидером Советского Союза во время Второй мировой войны?', 'Иосиф Сталин', NULL, 'ОГЭ-2020', 1),
(34, 'Задача 14', 'Какое событие привело к падению Берлинской стены?', 'Распад Советского Союза', NULL, 'ЕГЭ-2016', 2),
(35, 'Задача 15', 'Кто был первым президентом США?', 'Джордж Вашингтон', NULL, 'ОГЭ-2021', 1),
(36, 'Задача 16', 'Какое событие привело к началу Первой мировой войны?', 'Убийство архидука Фердинанда Фердинанда в Сараево', NULL, 'ЕГЭ-2017', 2),
(37, 'Задача 17', 'Кто был основателем династии Ханов в Китае?', 'Чингисхан', NULL, 'ОГЭ-2022', 1),
(38, 'Задача 18', 'В каком году была подписана Декларация независимости США?', '1776', NULL, 'ЕГЭ-2018', 2),
(39, 'Задача 19', 'Кто был лидером СССР во время Второй мировой войны?', 'Иосиф Сталин', NULL, 'ОГЭ-2023', 1),
(40, 'Задача 20', 'Какое событие привело к падению Берлинской стены?', 'Распад Советского Союза', NULL, 'ЕГЭ-2019', 2),
(41, 'Задача 1', 'Как называется процесс передачи генетической информации от родителей к потомству?', 'наследование', NULL, 'ОГЭ-2014', 1),
(42, 'Задача 2', 'Что такое фотосинтез?', 'Процесс преобразования световой энергии в химическую энергию', NULL, 'ЕГЭ-2015', 8),
(43, 'Задача 3', 'Как называется жидкость, циркулирующая в организме животных и человека?', 'кровь', NULL, 'ОГЭ-2016', 1),
(44, 'Задача 4', 'Что такое ДНК?', 'Генетический материал, носитель наследственной информации', NULL, 'ЕГЭ-2017', 2),
(45, 'Задача 5', 'Что такое митоз?', 'Процесс деления клетки для образования двух одинаковых по генетическому составу дочерних клеток', NULL, 'ОГЭ-2018', 1),
(46, 'Задача 6', 'Что такое адаптация в биологии?', 'Приспособление организма к условиям окружающей среды', NULL, 'ЕГЭ-2019', 2),
(47, 'Задача 7', 'Что такое экосистема?', 'Совокупность живых организмов и их неживой среды взаимодействующих друг с другом', NULL, 'ОГЭ-2020', 1),
(48, 'Задача 8', 'Какие органы участвуют в дыхании человека?', 'легкие', NULL, 'ЕГЭ-2021', 2),
(49, 'Задача 9', 'Что такое мутация в генетике?', 'Изменение в генетическом материале организма', NULL, 'ОГЭ-2022', 1),
(50, 'Задача 10', 'Что такое ферменты в биологии?', 'Белковые катализаторы химических реакций в организме', NULL, 'ЕГЭ-2023', 5),
(51, 'Задача 11', 'Что такое клеточная мембрана?', 'Оболочка клетки, отделяющая ее внутреннюю среду от внешней', NULL, 'ОГЭ-2024', 1),
(52, 'Задача 12', 'Что такое хлорофилл?', 'Пигмент, поглощающий световую энергию для фотосинтеза', NULL, 'ЕГЭ-2025', 2),
(53, 'Задача 13', 'Что такое эволюция в биологии?', 'Процесс изменения наследственных характеристик популяции в течение времени', NULL, 'ОГЭ-2026', 1),
(54, 'Задача 14', 'Какие виды питания существуют у организмов?', 'Растительное, животное, миксотрофное', NULL, 'ЕГЭ-2027', 2),
(55, 'Задача 15', 'Что такое генетика?', 'Наука о наследственности и изменчивости организмов', NULL, 'ОГЭ-2028', 1),
(56, 'Задача 16', 'Что такое биоразнообразие?', 'Разнообразие живых организмов на Земле', NULL, 'ЕГЭ-2029', 2),
(57, 'Задача 17', 'Что такое клеточное ядро?', 'Органоид клетки, содержащий генетическую информацию', NULL, 'ОГЭ-2030', 1),
(58, 'Задача 18', 'Что такое аллели в генетике?', 'Различные варианты одного и того же гена', NULL, 'ЕГЭ-2031', 8),
(59, 'Задача 19', 'Что такое биосфера?', 'Область Земли, где сосредоточена жизнь', NULL, 'ОГЭ-2032', 1),
(60, 'Задача 20', 'Что такое анатомия в биологии?', 'Наука о строении организмов и их частей', NULL, 'ЕГЭ-2033', 2),
(61, 'Задача 1', 'Что такое механическая работа?', 'Произведение силы на перемещение тела в направлении этой силы', NULL, 'ОГЭ-Физика-2022', 2),
(62, 'Задача 2', 'Что такое электрическое сопротивление?', 'Свойство материала препятствовать прохождению электрического тока', NULL, 'ЕГЭ-Физика-2023', 1),
(63, 'Задача 3', 'Как называется закон сохранения энергии?', 'Закон сохранения энергии', NULL, 'ОГЭ-Физика-2024', 2),
(64, 'Задача 4', 'Что такое кинетическая энергия?', 'Энергия движущегося тела', NULL, 'ЕГЭ-Физика-2025', 1),
(65, 'Задача 5', 'Что такое момент силы?', 'Произведение силы на плечо относительно точки опоры', NULL, 'ОГЭ-Физика-2026', 2),
(66, 'Задача 6', 'Что такое электрическая мощность?', 'Количество электрической энергии, переносимое током за единицу времени', NULL, 'ЕГЭ-Физика-2027', 1),
(67, 'Задача 7', 'Что такое амплитуда волнового движения?', 'Максимальное отклонение частицы среды от положения равновесия', NULL, 'ОГЭ-Физика-2028', 2),
(68, 'Задача 8', 'Как называется закон сохранения импульса?', 'Закон сохранения импульса', NULL, 'ЕГЭ-Физика-2029', 1),
(69, 'Задача 9', 'Что такое равнодействующая сил?', 'Сила, эквивалентная всем действующим на тело силам', NULL, 'ОГЭ-Физика-2030', 2),
(70, 'Задача 10', 'Что такое электрическое напряжение?', 'Разность потенциалов между двумя точками в электрической цепи', NULL, 'ЕГЭ-Физика-2031', 1),
(71, 'Задача 11', 'Что такое частота волнового движения?', 'Количество колебаний волны за единицу времени', NULL, 'ОГЭ-Физика-2032', 2),
(72, 'Задача 12', 'Как называется закон всемирного тяготения?', 'Закон всемирного тяготения', NULL, 'ЕГЭ-Физика-2033', 1),
(73, 'Задача 13', 'Что такое плотность вещества?', 'Масса единицы объема вещества', NULL, 'ОГЭ-Физика-2034', 2),
(74, 'Задача 14', 'Что такое электрический заряд?', 'Свойство частиц обладать электрическим зарядом', NULL, 'ЕГЭ-Физика-2035', 1),
(75, 'Задача 15', 'Что такое ускорение свободного падения?', 'Ускорение, с которым свободно падает тело под действием силы тяжести', NULL, 'ОГЭ-Физика-2036', 2),
(76, 'Задача 16', 'Что такое электрическая емкость?', 'Способность конденсатора накапливать электрический заряд при заданной разности потенциалов', NULL, 'ЕГЭ-Физика-2037', 1),
(77, 'Задача 17', 'Что такое момент инерции тела?', 'Мера инертности тела относительно оси вращения', NULL, 'ОГЭ-Физика-2038', 7),
(78, 'Задача 18', 'Как называется закон Архимеда?', 'Закон Архимеда', NULL, 'ЕГЭ-Физика-2039', 1),
(79, 'Задача 19', 'Что такое давление газа?', 'Сила, действующая на единицу площади стенки сосуда со стороны газа', NULL, 'ОГЭ-Физика-2040', 2),
(80, 'Задача 20', 'Что такое магнитное поле?', 'Область пространства, в которой проявляются магнитные свойства материалов или токоведущих проводников', NULL, 'ЕГЭ-Физика-2041', 1);


INSERT INTO project.homeworks_tasks (homework_id, task_id, index_number)
VALUES
(1, 64, 1),
(1, 35, 2),
(1, 5, 3),
(1, 39, 4),
(1, 45, 5),
(1, 48, 6),
(1, 80, 7),
(1, 58, 8),
(1, 60, 9),
(2, 73, 1),
(2, 16, 2),
(2, 49, 3),
(2, 50, 4),
(2, 55, 5),
(2, 31, 6),
(3, 78, 1),
(3, 35, 2),
(3, 61, 3),
(3, 70, 4),
(4, 34, 1),
(4, 5, 2),
(4, 77, 3),
(4, 13, 4),
(4, 18, 5),
(4, 56, 6),
(4, 57, 7),
(4, 29, 8),
(4, 62, 9),
(5, 66, 1),
(5, 67, 2),
(5, 4, 3),
(5, 2, 4),
(5, 71, 5),
(5, 40, 6),
(5, 42, 7),
(5, 12, 8),
(5, 18, 9),
(5, 27, 10),
(6, 64, 1),
(6, 67, 2),
(6, 68, 3),
(6, 70, 4),
(6, 71, 5),
(6, 78, 6),
(6, 52, 7),
(7, 73, 1),
(7, 18, 2),
(7, 61, 3),
(7, 45, 4),
(8, 65, 1),
(8, 6, 2),
(8, 39, 3),
(8, 12, 4),
(8, 77, 5),
(8, 48, 6),
(8, 18, 7),
(8, 57, 8),
(8, 62, 9),
(9, 67, 1),
(9, 38, 2),
(9, 72, 3),
(9, 41, 4),
(9, 11, 5),
(9, 46, 6),
(9, 47, 7),
(9, 27, 8),
(10, 5, 1),
(10, 7, 2),
(10, 71, 3),
(10, 39, 4),
(10, 74, 5),
(10, 12, 6),
(10, 19, 7),
(10, 54, 8),
(11, 64, 1),
(11, 5, 2),
(11, 42, 3),
(11, 44, 4),
(11, 79, 5),
(11, 16, 6),
(11, 30, 7),
(12, 67, 1),
(12, 71, 2),
(12, 42, 3),
(12, 43, 4),
(12, 18, 5),
(12, 58, 6),
(12, 27, 7),
(13, 4, 1),
(13, 42, 2),
(13, 11, 3),
(13, 12, 4),
(13, 45, 5),
(13, 15, 6),
(13, 21, 7),
(13, 31, 8),
(14, 56, 1),
(14, 77, 2),
(14, 14, 3),
(15, 65, 1),
(15, 70, 2),
(15, 8, 3),
(15, 74, 4),
(15, 11, 5),
(15, 13, 6),
(15, 78, 7),
(16, 9, 1),
(16, 67, 2),
(16, 13, 3),
(16, 22, 4),
(17, 71, 1),
(17, 7, 2),
(17, 42, 3),
(17, 76, 4),
(17, 51, 5),
(17, 23, 6),
(17, 59, 7),
(17, 63, 8),
(17, 31, 9),
(18, 64, 1),
(18, 38, 2),
(18, 76, 3),
(18, 19, 4),
(18, 21, 5),
(18, 30, 6),
(19, 1, 1),
(19, 38, 2),
(19, 8, 3),
(19, 41, 4),
(19, 46, 5),
(19, 29, 6),
(20, 33, 1),
(20, 66, 2),
(20, 36, 3),
(20, 79, 4),
(20, 17, 5),
(20, 53, 6),
(20, 26, 7),
(20, 59, 8);

 